,Country or region,Country Code,Pop 2015,Pop 2016,Pop 2017,Pop 2018,Pop 2019,Score 2019,Social support,GDP per capita,Healthy life expectancy,Freedom to make life choices,Generosity,Perceptions of corruption,Score 2018,Score 2017,Score 2016,Score 2015,Density 2015,Density 2016,Density 2017,Density 2018,Flag
0,Aruba,ABW,104341.0,104872.0,105366.0,105845.0,106314.0,,,,,,,,,,,,579.6722222,582.6222222,585.3666667,588.0277778,Others
1,Afghanistan,AFG,34413603.0,35383128.0,36296400.0,37172386.0,38041754.0,3.2030000000000003,0.517,0.35,0.361,0.0,0.158,0.025,3.6319999999999997,3.7939999103546103,3.36,3.575,52.71207149999999,54.19711424,55.59599302,56.93776001,Outliers
2,Angola,AGO,27884381.0,28842484.0,29816748.0,30809762.0,31825295.0,,,,,,,,3.795,3.79500007629395,3.866,4.033,22.3665525,23.13506377,23.91653806,24.71305206,Others
3,Albania,ALB,2880703.0,2876101.0,2873457.0,2866376.0,2854191.0,4.718999999999999,0.848,0.9470000000000001,0.8740000000000001,0.38299999999999995,0.17800000000000002,0.027000000000000003,4.586,4.64400005340576,4.655,4.959,105.13514599999999,104.9671898,104.87069340000001,104.6122628,Others
4,Andorra,AND,78011.0,77297.0,77001.0,77006.0,77142.0,,,,,,,,,,,,165.9808511,164.4617021,163.8319149,163.8425532,Others
5,Arab World,ARB,396028278.0,404024435.0,411898967.0,419790591.0,427870270.0,,,,,,,,,,,,35.25689695,35.96876451,36.66980425,37.37236563,Others
6,United Arab Emirates,ARE,9262900.0,9360980.0,9487203.0,9630959.0,9770529.0,6.825,1.31,1.5030000000000001,0.825,0.598,0.262,0.182,6.774,6.6479997634887695,6.5729999999999995,6.901,130.4266404,131.8076598,133.5849479,135.6091101,Others
7,Argentina,ARG,43131966.0,43590368.0,44044811.0,44494502.0,44938712.0,6.086,1.432,1.092,0.8809999999999999,0.47100000000000003,0.066,0.05,6.388,6.59899997711182,6.65,6.574,15.76063274,15.92813508,16.09419079,16.2585101,Others
8,Armenia,ARM,2925553.0,2936146.0,2944809.0,2951776.0,2957731.0,4.559,1.055,0.85,0.815,0.28300000000000003,0.095,0.064,4.321000000000001,4.37599992752075,4.36,4.35,102.75915,103.1312259,103.43551109999999,103.6802248,Others
9,American Samoa,ASM,55812.0,55741.0,55620.0,55465.0,55312.0,,,,,,,,,,,,279.06,278.705,278.1,277.325,Others
10,Antigua and Barbuda,ATG,93566.0,94527.0,95426.0,96286.0,97118.0,,,,,,,,,,,,212.65,214.8340909,216.8772727,218.83181820000001,Others
11,Australia,AUS,23815995.0,24190907.0,24601860.0,24982688.0,25364307.0,7.228,1.548,1.3719999999999999,1.036,0.557,0.332,0.29,7.272,7.28399991989136,7.313,7.284,3.100112596,3.1449355310000002,3.198361419,3.24787091,Others
12,Austria,AUT,8642699.0,8736668.0,8797566.0,8840521.0,8877067.0,7.246,1.475,1.376,1.016,0.532,0.244,0.226,7.138999999999999,7.00600004196167,7.119,7.2,104.73079270000001,105.86949340000001,106.6074453,107.1279669,Others
13,Azerbaijan,AZE,9649341.0,9757812.0,9854033.0,9939771.0,10023318.0,5.207999999999999,1.147,1.043,0.769,0.35100000000000003,0.035,0.182,5.2010000000000005,5.234000205993651,5.291,5.212000000000001,116.73107949999999,118.033289,119.19720579999999,120.2343172,Others
14,Burundi,BDI,10160030.0,10487998.0,10827024.0,11175378.0,11530580.0,3.775,0.447,0.046,0.38,0.22,0.17600000000000002,0.18,2.905,2.90499997138977,2.905,2.905,395.6397975,408.4111371,421.6130841,435.178271,Others
15,Belgium,BEL,11274196.0,11331422.0,11375158.0,11427054.0,11484055.0,6.922999999999999,1.504,1.3559999999999999,0.986,0.473,0.16,0.21,6.9270000000000005,6.89099979400635,6.928999999999999,6.937,372.33143989999996,374.22133419999994,375.66571989999994,377.3795905,Others
16,Benin,BEN,10575952.0,10872067.0,11175204.0,11485048.0,11801151.0,4.883,0.43700000000000006,0.39299999999999996,0.397,0.349,0.175,0.08199999999999999,4.141,3.65700006484985,3.484,3.34,93.79169918,96.41776339,99.10610145,101.8539198,Others
17,Burkina Faso,BFA,18110624.0,18646378.0,19193284.0,19751535.0,20321378.0,4.587,1.056,0.331,0.38,0.255,0.177,0.113,4.4239999999999995,4.03200006484985,3.739,3.5869999999999997,66.19380117,68.15196637,70.15089181,72.19128289,Others
18,Bangladesh,BGD,156256276.0,157970840.0,159670593.0,161356039.0,163046161.0,4.456,0.9279999999999999,0.562,0.723,0.527,0.166,0.14300000000000002,4.5,4.60799980163574,4.643,4.694,1200.4015980000001,1213.573327,1226.631274,1239.5793119999998,Others
19,Bulgaria,BGR,7177991.0,7127822.0,7075947.0,7025037.0,6975761.0,5.011,1.5130000000000001,1.092,0.815,0.311,0.081,0.004,4.933,4.71400022506714,4.217,4.218,66.120035,65.65790346,65.18005711,64.71109985,Others
20,Bahrain,BHR,1371851.0,1425791.0,1494074.0,1569439.0,1641172.0,6.199,1.368,1.3619999999999999,0.871,0.536,0.255,0.11,6.105,6.08699989318848,6.218,5.96,1763.3045579999998,1832.636175,1920.4035239999998,2017.2737,Others
21,"Bahamas, The",BHS,374206.0,377931.0,381761.0,385640.0,389482.0,,,,,,,,,,,,37.38321678,37.75534466,38.13796204,38.52547453,Others
22,Bosnia and Herzegovina,BIH,3429361.0,3386267.0,3351527.0,3323929.0,3301000.0,5.386,1.212,0.945,0.845,0.212,0.263,0.006,5.129,5.18200016021729,5.162999999999999,4.949,66.97970703,66.13802734,65.45951172,64.92048828,Others
23,Belarus,BLR,9489616.0,9501534.0,9498264.0,9483499.0,9466856.0,5.3229999999999995,1.465,1.067,0.789,0.235,0.094,0.142,5.483,5.5689997673034695,5.8020000000000005,5.813,46.75194176,46.8083514,46.79224208,46.71950379,Others
24,Belize,BLZ,360933.0,368400.0,375769.0,383071.0,390353.0,,,,,,,,5.956,5.955999851226809,5.956,,15.82345463,16.15081105,16.47387111,16.79399386,Others
25,Bermuda,BMU,65237.0,64554.0,63873.0,63920.0,63918.0,,,,,,,,,,,,1208.0925710000001,1195.4444230000001,1182.833312,1183.703683,Others
26,Bolivia,BOL,10869730.0,11031813.0,11192854.0,11353142.0,11513100.0,5.779,1.209,0.7759999999999999,0.706,0.511,0.13699999999999998,0.064,5.752000000000001,5.82299995422363,5.822,5.89,10.03390566,10.18352534,10.33218314,10.48014585,Others
27,Brazil,BRA,204471769.0,206163058.0,207833831.0,209469333.0,211049527.0,6.3,1.439,1.004,0.802,0.39,0.099,0.086,6.419,6.6350002288818395,6.952000000000001,6.983,24.46378847,24.66614079,24.866038500000002,25.06171624,Others
28,Barbados,BRB,285324.0,285796.0,286233.0,286641.0,287025.0,,,,,,,,,,,,663.5441860000001,664.6418605,665.6581395,666.6069767000001,Others
29,Brunei Darussalam,BRN,414907.0,419800.0,424473.0,428962.0,433285.0,,,,,,,,,,,,78.72998102,79.65844402,80.54516129,81.39696395,Others
30,Bhutan,BTN,727876.0,736709.0,745568.0,754394.0,763092.0,5.082,1.321,0.813,0.604,0.457,0.37,0.16699999999999998,5.082,5.01100015640259,5.196000000000001,5.252999999999999,19.09583675,19.31388997,19.54614144,19.77752777,Others
31,Botswana,BWA,2120716.0,2159944.0,2205128.0,2254126.0,2303697.0,3.488,1.145,1.041,0.5379999999999999,0.455,0.025,0.1,3.59,3.7660000324249303,3.9739999999999998,4.332,3.742021774,3.81123992,3.89096748,3.977424876,Others
32,Central African Republic,CAF,4493170.0,4537687.0,4596028.0,4666377.0,4745185.0,3.083,0.0,0.026000000000000002,0.105,0.225,0.235,0.035,3.083,2.69300007820129,,3.678,7.21238242,7.283840572999999,7.377488844,7.490412212000001,Others
33,Canada,CAN,35702908.0,36109487.0,36543321.0,37057765.0,37589262.0,7.278,1.505,1.365,1.0390000000000001,0.584,0.285,0.308,7.327999999999999,7.31599998474121,7.404,7.4270000000000005,3.926196595,3.970907493,4.018615584,4.075188239,Others
34,Central Europe and the Baltics,CEB,103257886.0,102994278.0,102738653.0,102537026.0,102378579.0,,,,,,,,,,,,93.44143340000001,93.20293657,92.97161303,92.78915407,Others
35,Switzerland,CHE,8282396.0,8373338.0,8451840.0,8514329.0,8574832.0,7.48,1.526,1.452,1.052,0.5720000000000001,0.263,0.34299999999999997,7.487,7.49399995803833,7.5089999999999995,7.587000000000001,209.59600659999998,211.8974034,213.88399109999997,215.4653505,Others
36,Channel Islands,CHI,165385.0,166923.0,168665.0,170499.0,172259.0,,,,,,,,,,,,835.2778099999999,843.0454869999999,851.8434672000001,861.1060937999999,Others
37,Chile,CHL,17969353.0,18209068.0,18470439.0,18729160.0,18952038.0,6.444,1.369,1.159,0.92,0.35700000000000004,0.187,0.055999999999999994,6.476,6.65199995040894,6.705,6.67,24.16755734,24.48995771,24.84148392,25.18944607,Others
38,China,CHN,1371220000.0,1378665000.0,1386395000.0,1392730000.0,1397715000.0,5.191,1.125,1.0290000000000001,0.893,0.521,0.057999999999999996,0.1,5.246,5.2729997634887695,5.245,5.14,146.05764219999998,146.85067759999998,147.6740508,148.34883330000002,Others
39,Ivory Coast,CIV,23226143.0,23822714.0,24437469.0,25069229.0,25716544.0,4.944,0.8079999999999999,0.569,0.23199999999999998,0.35200000000000004,0.154,0.09,4.671,4.17999982833862,3.9160000000000004,3.655,73.03818553,74.91419497,76.84738679,78.83405346,Others
40,Cameroon,CMR,23298368.0,23926539.0,24566045.0,25216237.0,25876380.0,5.044,0.91,0.5489999999999999,0.331,0.381,0.187,0.037000000000000005,4.975,4.69500017166138,4.513,4.252,49.28681009,50.61568192,51.9685325,53.34398891,Others
41,Congo (Kinshasa),COD,76244544.0,78789127.0,81398764.0,84068091.0,86790567.0,4.418,1.125,0.094,0.35700000000000004,0.26899999999999996,0.212,0.053,4.245,4.2800002098083505,4.272,4.5169999999999995,33.63161112,34.75403145,35.90514722,37.08259236,Others
42,Congo (Brazzaville),COG,4856095.0,4980999.0,5110702.0,5244363.0,5380508.0,4.812,0.799,0.6729999999999999,0.508,0.37200000000000005,0.105,0.09300000000000001,4.559,4.29099988937378,4.236000000000001,3.989,14.21989751,14.58564861,14.96545242,15.35684627,Others
43,Colombia,COL,47520667.0,48171392.0,48901066.0,49648685.0,50339443.0,6.125,1.41,0.985,0.841,0.47,0.099,0.034,6.26,6.35699987411499,6.481,6.477,42.83070482,43.41720775,44.07486796,44.74870212,Others
44,Comoros,COM,777424.0,795592.0,813892.0,832322.0,850886.0,3.9730000000000003,0.757,0.27399999999999997,0.505,0.142,0.275,0.078,,,3.9560000000000004,3.9560000000000004,417.7452845,427.50777750000003,437.34120010000004,447.2444775,Others
45,Cabo Verde,CPV,524743.0,531146.0,537497.0,543767.0,549935.0,,,,,,,,,,,,130.2091811,131.7980149,133.37394540000003,134.9297767,Others
46,Costa Rica,CRI,4847804.0,4899345.0,4949954.0,4999441.0,5047561.0,7.167000000000001,1.4409999999999998,1.034,0.963,0.5579999999999999,0.14400000000000002,0.09300000000000001,7.072,7.0789999961853,7.087000000000001,7.226,94.94328241,95.9527027,96.94386996,97.91306306,Others
47,Caribbean small states,CSS,7222212.0,7269386.0,7314990.0,7358965.0,7401381.0,,,,,,,,,,,,17.83922934,17.95575151,18.0683957,18.17701618,Others
48,Cuba,CUB,11324781.0,11335109.0,11339259.0,11338138.0,11333483.0,,,,,,,,,,,,108.87118819999999,108.97047679999999,109.010373,108.9995962,Others
49,Curacao,CUW,157980.0,159664.0,160175.0,159800.0,157538.0,,,,,,,,,,,,355.8108108,359.60360360000004,360.7545045,,Others
50,Cayman Islands,CYM,61724.0,62569.0,63382.0,64174.0,64948.0,,,,,,,,,,,,257.1833333,260.7041667,264.09166669999996,267.3916667,Others
51,Cyprus,CYP,1160985.0,1170187.0,1179680.0,1189265.0,1198575.0,6.046,1.2229999999999999,1.263,1.042,0.406,0.19,0.040999999999999995,5.7620000000000005,5.62099981307983,5.546,5.689,125.6477273,126.64361470000001,127.67099569999999,128.7083333,Others
52,Czech Republic,CZE,10546059.0,10566332.0,10594438.0,10629928.0,10669709.0,6.852,1.4869999999999999,1.2690000000000001,0.92,0.457,0.046,0.036000000000000004,6.711,6.60900020599365,6.596,6.505,136.58928899999998,136.8341362,137.1981093,137.6577053,Others
53,Germany,DEU,81686611.0,82348669.0,82657002.0,82905782.0,83132799.0,6.985,1.454,1.3730000000000002,0.987,0.495,0.261,0.265,6.965,6.9510002136230495,6.994,6.75,234.15366859999997,235.71292940000004,236.5954946,237.30759669999998,Others
54,Djibouti,DJI,913993.0,929112.0,944097.0,958920.0,973560.0,,,,,,,,,,,4.369,39.43024159,40.0824849,40.72894737,41.36842105,Others
55,Dominica,DMA,71183.0,71307.0,71458.0,71625.0,71808.0,,,,,,,,,,,,94.91066667,95.07600000000001,95.27733333,95.5,Others
56,Denmark,DNK,5683483.0,5728010.0,5764980.0,5793636.0,5818553.0,7.6,1.5730000000000002,1.383,0.996,0.5920000000000001,0.252,0.41,7.555,7.52199983596802,7.526,7.527,135.3532508,136.4136699,137.2941176,137.9765658,Others
57,Dominican Republic,DOM,10281680.0,10397743.0,10513131.0,10627165.0,10738958.0,5.425,1.401,1.015,0.779,0.49700000000000005,0.113,0.10099999999999999,5.3020000000000005,5.230000019073491,5.155,4.885,212.8271579,215.22962119999997,217.61811219999998,219.9785759,Others
58,Algeria,DZA,39728025.0,40551404.0,41389198.0,42228429.0,43053054.0,5.211,1.16,1.002,0.785,0.086,0.073,0.114,5.295,5.872000217437741,6.355,5.605,16.68025267,17.02595749,17.37771461,17.73007507,Others
59,East Asia & Pacific (excluding high income),EAP,2038190036.0,2053103802.0,2068142784.0,2081639097.0,2093675040.0,,,,,,,,,,,,128.07945690000003,129.01664509999998,129.9616918,130.8097975,Others
60,Early-demographic dividend,EAR,3122156912.0,3164386917.0,3206361023.0,3248239448.0,3290290622.0,,,,,,,,,,,,94.30297346,95.57842879,96.84623176,98.11114473,Others
61,East Asia & Pacific,EAS,2282855831.0,2298486142.0,2314097713.0,2328138066.0,2340628292.0,,,,,,,,,,,,93.60959422,94.21280672,94.85271048,95.42821148,Others
62,Europe & Central Asia (excluding high income),ECA,390295673.0,392870484.0,395289709.0,397435105.5,399404587.0,,,,,,,,,,,,17.43008609,17.54505257,17.65309181,17.75753594,Others
63,Europe & Central Asia,ECS,906707416.0,910904758.0,914585461.0,917922618.5,921140092.0,,,,,,,,,,,,33.04365467,33.19610012,33.33023597,33.46513189,Others
64,Ecuador,ECU,16212020.0,16491115.0,16785361.0,17084357.0,17373662.0,6.028,1.3119999999999998,0.912,0.868,0.498,0.126,0.087,5.973,6.00799989700317,5.976,5.975,65.27629248,66.40004429,67.58480029,68.78868175,Others
65,Egypt,EGY,92442547.0,94447072.0,96442593.0,98423595.0,100388073.0,4.166,1.0390000000000001,0.9129999999999999,0.644,0.24100000000000002,0.076,0.067,4.419,4.7350001335144,4.362,4.194,92.86508313,94.87877041,96.88341253,98.87346929,Outliers
66,Euro area,EMU,339488380.0,340481753.0,341163597.0,341843156.0,342597698.0,,,,,,,,,,,,126.74427990000001,127.0964788,127.35100049999998,127.60466909999998,Others
67,Eritrea,ERI,3342818.0,3376558.0,3412891.0,3452786.0,3497117.0,,,,,,,,,,,,,,,,Others
68,Spain,ESP,46444832.0,46484062.0,46593236.0,46797754.0,47076781.0,6.354,1.484,1.286,1.062,0.36200000000000004,0.153,0.079,6.31,6.40299987792969,6.361000000000001,6.329,92.95268301,93.04926587,93.26780444,93.67719744,Others
69,Estonia,EST,1315407.0,1315790.0,1317384.0,1321977.0,1326590.0,5.893,1.528,1.237,0.8740000000000001,0.495,0.10300000000000001,0.161,5.739,5.61100006103516,5.517,5.428999999999999,30.26011042,30.2689211,30.30559006,30.41124914,Others
70,Ethiopia,ETH,100835458.0,103603501.0,106400024.0,109224559.0,112078730.0,4.2860000000000005,1.033,0.336,0.532,0.344,0.209,0.1,4.35,4.46000003814697,4.508,4.512,100.835458,103.603501,106.400024,109.22455900000001,Others
71,European Union,EUU,444543759.0,445487728.0,446131273.0,446777673.0,447512041.0,,,,,,,,,,,,111.23716029999999,111.4621168,111.62313329999999,111.7848642,Others
72,Fragile and conflict affected situations,FCS,730424930.0,747004599.0,763578047.0,780467640.0,798138587.0,,,,,,,,,,,,44.06902296,45.06933084,46.06926339,47.11922029,Others
73,Finland,FIN,5479531.0,5495303.0,5508214.0,5515525.0,5520314.0,7.769,1.587,1.34,0.986,0.596,0.153,0.39299999999999996,7.632000000000001,7.468999862670901,7.412999999999999,7.406000000000001,18.03011089,18.08200783,18.1244908,18.14854727,Others
74,Fiji,FJI,868627.0,872399.0,877459.0,883483.0,889953.0,,,,,,,,,,,,47.5438971,47.75035577,48.02731253,48.35703339,Others
75,France,FRA,66548272.0,66724104.0,66864379.0,66965912.0,67059887.0,6.5920000000000005,1.472,1.324,1.045,0.436,0.111,0.183,6.489,6.44199991226196,6.478,6.575,121.5367038,121.85782479999999,122.1140081,122.2994372,Others
76,Faroe Islands,FRO,48051.0,48173.0,48331.0,48497.0,48678.0,,,,,,,,,,,,34.420485600000006,34.50787815,34.62105866,34.73996983,Others
77,"Micronesia, Fed. Sts.",FSM,108895.0,110215.0,111459.0,112640.0,113815.0,,,,,,,,,,,,155.56428569999997,157.45,159.2271429,160.9142857,Others
78,Gabon,GAB,1947686.0,2007873.0,2064823.0,2119275.0,2172579.0,4.7989999999999995,1.183,1.057,0.5710000000000001,0.295,0.043,0.055,4.758,4.46500015258789,4.121,3.8960000000000004,7.558838825,7.792420537999999,8.013439671,8.224764233,Others
79,United Kingdom,GBR,65116219.0,65611593.0,66058859.0,66460344.0,66834405.0,7.053999999999999,1.538,1.3330000000000002,0.996,0.45,0.348,0.278,7.19,6.71400022506714,6.725,6.867000000000001,269.1531393,271.2007316,273.049473,274.70898189999997,Others
80,Georgia,GEO,3725276.0,3727505.0,3728004.0,3726549.0,3720382.0,4.519,0.6659999999999999,0.8859999999999999,0.752,0.34600000000000003,0.043,0.16399999999999998,4.34,4.28599977493286,4.252,4.297,65.17505861,65.21405578,65.22278596,65.19733021,Others
81,Ghana,GHA,27849205.0,28481946.0,29121471.0,29767108.0,30417856.0,4.996,0.868,0.611,0.486,0.381,0.245,0.04,4.657,4.11999988555908,4.276,4.633,122.3925683,125.17335849999999,127.98396329999998,130.8214292,Others
82,Gibraltar,GIB,33736.0,33737.0,33728.0,33718.0,33701.0,,,,,,,,,,,,3373.6,3373.7,3372.8,3371.8,Others
83,Guinea,GIN,11432088.0,11738441.0,12067539.0,12414318.0,12771246.0,4.534,0.8290000000000001,0.38,0.375,0.332,0.207,0.086,3.964,3.50699996948242,3.6069999999999998,3.656,46.52485756,47.77161403,49.11093521,50.52221227,Others
84,Gambia,GMB,2085860.0,2149139.0,2213894.0,2280102.0,2347706.0,4.516,0.9390000000000001,0.308,0.428,0.382,0.26899999999999996,0.16699999999999998,,,,,206.1126482,212.36551380000003,218.7642292,225.30652169999996,Others
85,Guinea-Bissau,GNB,1737202.0,1782437.0,1828146.0,1874309.0,1920922.0,,,,,,,,,,,,61.77816501,63.38680654,65.01230441,66.65394737,Others
86,Equatorial Guinea,GNQ,1168568.0,1215179.0,1262001.0,1308974.0,1355986.0,,,,,,,,,,,,41.66017825,43.32188948,44.99112299,46.66573975,Others
87,Greece,GRC,10820883.0,10775971.0,10754679.0,10732882.0,10716322.0,5.287000000000001,1.156,1.181,0.9990000000000001,0.067,0.0,0.034,5.358,5.2270002365112305,5.033,4.857,83.94788984,83.5994647,83.43428239,83.26518231,Inliers
88,Grenada,GRD,109599.0,110261.0,110874.0,111454.0,112003.0,,,,,,,,,,,,322.35,324.2970588,326.1,327.8058824,Others
89,Greenland,GRL,56114.0,56186.0,56172.0,56023.0,56225.0,,,,,,,,,,,,0.136713363,0.136888781,0.13685467199999998,0.136491656,Others
90,Guatemala,GTM,15567419.0,15827690.0,16087418.0,16346950.0,16604026.0,6.436,1.2690000000000001,0.8,0.746,0.535,0.175,0.078,6.382000000000001,6.4539999961853,6.324,6.122999999999999,145.27266699999998,147.7014744,150.1252146,152.5471258,Others
91,Guam,GUM,161853.0,162951.0,164281.0,165768.0,167294.0,,,,,,,,,,,,299.7277778,301.7611111,304.22407410000005,306.9777778,Others
92,Guyana,GUY,767432.0,771366.0,775221.0,779004.0,782766.0,,,,,,,,,,,,3.898562357,3.9185471169999997,3.9381305560000004,3.957348235,Others
93,High income,HIC,1212252369.0,1219052239.0,1225031047.0,1230515713.0,1235852827.0,,,,,,,,,,,,34.27597625,34.45833395,34.62733389,34.78289159,Others
94,Hong Kong,HKG,7291300.0,7336600.0,7391700.0,7451000.0,7507400.0,5.43,1.2770000000000001,1.4380000000000002,1.122,0.44,0.258,0.287,5.43,,5.457999999999999,5.474,6944.095238,6987.238095000001,7039.714286,7096.190476000001,Others
95,Honduras,HND,9112916.0,9270795.0,9429013.0,9587522.0,9746117.0,5.86,1.236,0.642,0.828,0.507,0.24600000000000002,0.078,5.504,5.1810002326965305,4.871,4.788,81.44531236,82.85633211,84.27038162,85.68703191,Others
96,Heavily indebted poor countries (HIPC),HPC,718128416.0,738387254.0,759106221.0,780234406.0,801708035.0,,,,,,,,,,,,41.32211591,42.48783785,43.68003626,44.89578165,Others
97,Croatia,HRV,4203604.0,4174349.0,4124531.0,4087843.0,4067500.0,5.432,1.266,1.155,0.914,0.29600000000000004,0.11900000000000001,0.022000000000000002,5.321000000000001,5.2930002212524405,5.4879999999999995,5.7589999999999995,75.11801287,74.59522873,73.70498570000001,73.04937455,Others
98,Haiti,HTI,10695542.0,10839970.0,10982366.0,11123176.0,11263077.0,3.597,0.688,0.32299999999999995,0.449,0.026000000000000002,0.419,0.11,3.582,3.6029999256133998,4.0280000000000005,4.518,388.0820755,393.32256889999996,398.48933239999997,403.5985486,Outliers
99,Hungary,HUN,9843028.0,9814023.0,9787966.0,9775564.0,9769949.0,5.757999999999999,1.41,1.2009999999999998,0.828,0.19899999999999998,0.081,0.02,5.62,5.32399988174438,5.145,4.8,108.7266983,108.40630729999998,108.1184801,107.9814868,Others
100,IBRD only,IBD,4648915927.0,4692789458.0,4736161411.0,4777244900.5,4816235951.0,,,,,,,,,,,,65.50976833,66.12798413,66.73915577,67.31807975,Others
101,IDA & IBRD total,IBT,6176134815.0,6254594188.0,6333378175.0,6410726415.5,6486934851.0,,,,,,,,,,,,66.16794306,67.0084787,67.85252948,68.68921017,Others
102,IDA total,IDA,1527218888.0,1561804730.0,1597216764.0,1633481515.0,1670698900.0,,,,,,,,,,,,68.25542498,69.80107291,71.38372785,73.04003185,Others
103,IDA blend,IDB,512877243.0,524790731.0,536862922.0,549115214.0,561572202.0,,,,,,,,,,,,117.38013559999999,120.1067273,122.86964070000002,125.67377309999999,Others
104,Indonesia,IDN,258383256.0,261554226.0,264645886.0,267663435.0,270625568.0,5.192,1.203,0.9309999999999999,0.66,0.491,0.498,0.027999999999999997,5.093,5.26200008392334,5.314,5.399,142.6294628,144.3798617,146.08648080000003,147.75219009999998,Others
105,IDA only,IDX,1014341645.0,1037013999.0,1060353842.0,1084366301.0,1109126698.0,,,,,,,,,,,,56.33452129,57.59361246,58.88985907,60.259896999999995,Others
106,Isle of Man,IMN,83234.0,83287.0,83598.0,84077.0,84584.0,,,,,,,,,,,,146.0245614,146.11754390000002,146.66315790000002,147.50350880000002,Others
107,India,IND,1310152403.0,1324509589.0,1338658835.0,1352617328.0,1366417754.0,4.015,0.765,0.755,0.588,0.498,0.2,0.085,4.19,4.31500005722046,4.404,4.565,440.65545860000003,445.4843414,450.2432858,454.9380726,Others
108,Not classified,INX,,,,,,,,,,,,,,,,,,,,,Others
109,Ireland,IRL,4701957.0,4755335.0,4807388.0,4867316.0,4941444.0,7.021,1.5530000000000002,1.499,0.9990000000000001,0.516,0.298,0.31,6.977,6.9770002365112305,6.907,6.94,68.25311366,69.0279431,69.78353898,70.65344753,Inliers
110,Iran,IRN,78492215.0,79564016.0,80673951.0,81800269.0,82913906.0,4.548,0.8420000000000001,1.1,0.785,0.305,0.27,0.125,4.707,4.69199991226196,4.813,4.686,48.19139407,48.84944129,49.53090142,50.22242012,Others
111,Iraq,IRQ,35572261.0,36610632.0,37552781.0,38433600.0,39309783.0,4.437,0.98,1.043,0.574,0.24100000000000002,0.14800000000000002,0.08900000000000001,4.456,4.49700021743774,4.575,4.677,81.93956704,84.33142147,86.5016316,88.53057004,Others
112,Iceland,ISL,330815.0,335439.0,343400.0,352721.0,361313.0,7.494,1.624,1.38,1.026,0.591,0.354,0.11800000000000001,7.495,7.50400018692017,7.501,7.561,3.299900249,3.3460249380000002,3.4254364089999996,3.518413965,Others
113,Israel,ISR,8380100.0,8546000.0,8713300.0,8882800.0,9053300.0,7.138999999999999,1.455,1.276,1.0290000000000001,0.371,0.261,0.08199999999999999,6.814,7.212999820709231,7.267,7.278,387.25046210000005,394.9168207,402.6478743,410.4805915,Outliers
114,Italy,ITA,60730582.0,60627498.0,60536709.0,60421760.0,60297396.0,6.223,1.4880000000000002,1.294,1.0390000000000001,0.231,0.158,0.03,6.0,5.96400022506714,5.977,5.9479999999999995,206.4682872,206.1178282,205.8091691,205.4183722,Others
115,Jamaica,JAM,2891021.0,2906238.0,2920853.0,2934855.0,2948279.0,5.89,1.4780000000000002,0.831,0.831,0.49,0.107,0.027999999999999997,5.89,5.31099987030029,5.51,5.709,266.94561400000003,268.3506925,269.7001847,270.9930748,Others
116,Jordan,JOR,9266575.0,9551467.0,9779173.0,9956011.0,10101694.0,4.906000000000001,1.225,0.8370000000000001,0.815,0.38299999999999995,0.11,0.13,5.1610000000000005,5.33599996566772,5.303,5.192,104.3768304,107.58579640000002,110.1506308,112.1424983,Others
117,Japan,JPN,127141000.0,126994511.0,126785797.0,126529100.0,126264931.0,5.886,1.419,1.327,1.088,0.445,0.069,0.14,5.915,5.92000007629395,5.921,5.987,348.7519201,348.350096,347.77758670000003,347.0734584,Others
118,Kazakhstan,KAZ,17542806.0,17794055.0,18037776.0,18276498.5,18513930.0,5.809,1.508,1.173,0.7290000000000001,0.41,0.146,0.096,5.79,5.8189997673034695,5.919,5.855,6.4980575620000005,6.591123088,6.6814001560000005,6.769825721,Others
119,Kenya,KEN,47878336.0,49051686.0,50221473.0,51393010.0,52573973.0,4.5089999999999995,0.983,0.512,0.581,0.431,0.37200000000000005,0.053,4.41,4.55299997329712,4.356,4.419,84.12400464,86.18562392,88.24098289,90.29941666,Others
120,Kyrgyzstan,KGZ,5956900.0,6079500.0,6198200.0,6322800.0,6456900.0,5.261,1.4380000000000002,0.551,0.723,0.508,0.3,0.023,5.131,5.0040001869201705,5.185,5.2860000000000005,31.05787278,31.69708029,32.31595412,32.96558916,Others
121,Cambodia,KHM,15521436.0,15766293.0,16009414.0,16249798.0,16486542.0,4.7,1.122,0.574,0.637,0.609,0.23199999999999998,0.062,4.433,4.1680002212524405,3.907,3.819,87.93018355,89.31731815,90.69461817,92.05641287,Others
122,Kiribati,KIR,110930.0,112524.0,114158.0,115847.0,117606.0,,,,,,,,,,,,136.9506173,138.9185185,140.9358025,143.02098769999998,Others
123,St. Kitts and Nevis,KNA,51203.0,51625.0,52045.0,52441.0,52823.0,,,,,,,,,,,,196.9346154,198.5576923,200.1730769,201.69615380000002,Others
124,South Korea.,KOR,51014947.0,51217803.0,51361911.0,51606633.0,51709098.0,,,,,,,,,,,,523.5255477,525.3700514999999,526.848249,529.3585013000001,Others
125,Kuwait,KWT,3835591.0,3956875.0,4056099.0,4137312.0,4207083.0,6.021,1.319,1.5,0.8079999999999999,0.493,0.142,0.09699999999999999,6.082999999999999,6.10500001907349,6.239,6.295,215.2407969,222.04685750000002,227.61498319999998,232.1723906,Others
126,Latin America & Caribbean (excluding high income),LAC,590731810.0,596643917.0,602426586.0,608113077.0,613773128.0,,,,,,,,,,,,31.06020212,31.37105594,31.67510401,31.97409513,Others
127,Laos,LAO,6741164.0,6845846.0,6953035.0,7061507.0,7169455.0,4.796,1.03,0.764,0.551,0.547,0.266,0.16399999999999998,4.623,,4.876,4.876,29.20781629,29.66137782,30.12580156,30.59578423,Others
128,Lebanon,LBN,6532678.0,6711121.0,6811873.0,6848925.0,6855713.0,5.197,1.224,0.987,0.815,0.21600000000000003,0.166,0.027000000000000003,5.358,5.22499990463257,5.129,4.8389999999999995,638.5804497,656.0235582,665.8722385,669.4941349,Others
129,Liberia,LBR,4472230.0,4586788.0,4702228.0,4818977.0,4937374.0,3.975,0.922,0.073,0.44299999999999995,0.37,0.233,0.033,3.495,3.5329999923706095,3.622,4.571000000000001,46.4309593,47.62030731,48.81881229,50.03090739,Others
130,Libya,LBY,6418315.0,6492164.0,6580724.0,6678567.0,6777452.0,5.525,1.3030000000000002,1.044,0.6729999999999999,0.41600000000000004,0.133,0.152,5.566,5.525000095367429,5.615,5.754,3.6477232689999997,3.6896938969999997,3.740025234,3.7956323810000003,Others
131,St. Lucia,LCA,179126.0,180024.0,180955.0,181889.0,182790.0,,,,,,,,,,,,293.6491803,295.12131150000005,296.647541,298.17868849999996,Others
132,Latin America & Caribbean,LCN,622301089.0,628484873.0,634545282.0,640454810.0,646430841.0,,,,,,,,,,,,31.05393343,31.36251527,31.66494048,31.96068558,Others
133,Least developed countries: UN classification,LDC,941131317.0,963511276.0,986365080.0,1009662578.0,1033388876.0,,,,,,,,,,,,52.98328096,54.24313284,55.52974147,56.8413289,Others
134,Low income,LIC,603234541.0,618780841.0,634796692.0,651327587.0,668454965.0,,,,,,,,,,,,48.22226867,49.46503214,50.74533129,52.0668028,Others
135,Liechtenstein,LIE,37470.0,37658.0,37800.0,37910.0,38019.0,,,,,,,,,,,,234.1875,235.3625,236.25,236.9375,Others
136,Sri Lanka,LKA,20970000.0,21203000.0,21444000.0,21670000.0,21803000.0,4.3660000000000005,1.265,0.9490000000000001,0.831,0.47,0.244,0.047,4.471,4.44000005722046,4.415,4.271,334.39642799999996,338.11194389999997,341.95503110000004,345.558922,Others
137,Lower middle income,LMC,2749824313.0,2790617792.0,2831466703.0,2872397765.0,2913363391.0,,,,,,,,,,,,125.4681774,127.3292753,129.1931143,131.0607016,Others
138,Low & middle income,LMY,6126712591.0,6205230249.0,6284034658.0,6361417193.5,6437681145.0,,,,,,,,,,,,66.61134386,67.46497125,68.32175447,69.17126626,Others
139,Lesotho,LSO,2059021.0,2075001.0,2091412.0,2108132.0,2125268.0,3.802,1.169,0.489,0.168,0.359,0.107,0.09300000000000001,3.8080000000000003,3.80800008773804,,4.898,67.82019104,68.3465415,68.88708827,69.43781291,Others
140,Late-demographic dividend,LTE,2247409050.0,2261409324.0,2275525382.0,2287833783.5,2298470832.0,,,,,,,,,,,,50.48201065,50.79647353,51.11355277,51.39002788,Others
141,Lithuania,LTU,2904910.0,2868231.0,2828403.0,2801543.0,2786844.0,6.149,1.515,1.238,0.818,0.29100000000000004,0.043,0.042,5.952000000000001,5.90199995040894,5.813,5.832999999999999,46.36727853,45.78766499,45.15186156,44.72307577,Others
142,Luxembourg,LUX,569604.0,582014.0,596336.0,607950.0,619896.0,7.09,1.479,1.609,1.012,0.526,0.19399999999999998,0.316,6.91,6.86299991607666,6.871,6.946000000000001,234.4049383,239.51193419999998,245.4057613,250.1851852,Others
143,Latvia,LVA,1977527.0,1959537.0,1942248.0,1927174.0,1912789.0,5.94,1.465,1.187,0.812,0.264,0.075,0.064,5.933,5.849999904632571,5.56,5.098,31.80326472,31.51394339,31.23589579,30.99347057,Others
144,"Macao SAR, China",MAC,602085.0,612836.0,622585.0,631636.0,640445.0,,,,,,,,,,,,19805.427880000003,20159.0792,20479.76999,20777.50026,Others
145,St. Martin (French part),MAF,35858.0,36065.0,36560.0,37264.0,38002.0,,,,,,,,,,,,659.1544117999999,662.9595588,672.0588235,,Others
146,Morocco,MAR,34663603.0,35126296.0,35581294.0,36029138.0,36471769.0,5.207999999999999,0.782,0.8009999999999999,0.782,0.418,0.036000000000000004,0.076,5.254,5.2350001335144,5.151,5.013,77.66883935,78.70557024,79.72505938,80.72851893,Others
147,Monaco,MCO,37718.0,38070.0,38392.0,38682.0,38964.0,,,,,,,,,,,,18859.0,19035.0,19196.0,,Others
148,Moldova,MDA,2834530.0,2802170.0,2755158.0,2706049.0,2657637.0,5.529,1.328,0.685,0.7390000000000001,0.245,0.18100000000000002,0.0,5.64,5.837999820709231,5.897,5.888999999999999,98.74002856,97.61277737,95.97512802,94.26443028,Others
149,Madagascar,MDG,24234088.0,24894380.0,25570540.0,26262368.0,26969307.0,3.9330000000000003,0.9159999999999999,0.27399999999999997,0.555,0.14800000000000002,0.16899999999999998,0.040999999999999995,3.7739999999999996,3.64400005340576,3.695,3.681,41.65364043,42.78855277,43.95073909,45.13985562,Others
150,Maldives,MDV,454915.0,475513.0,496402.0,515696.0,530953.0,,,,,,,,,,,,1516.383333,1585.043333,1654.673333,1718.9866670000001,Others
151,Middle East & North Africa,MEA,425821770.0,433597628.0,441255236.0,448912962.0,456707404.0,,,,,,,,,,,,37.94030914,38.63313059,39.31541608,39.99771209,Others
152,Mexico,MEX,121858258.0,123333376.0,124777324.0,126190788.0,127575529.0,6.595,1.3230000000000002,1.07,0.861,0.433,0.07400000000000001,0.073,6.4879999999999995,6.57800006866455,6.778,7.187,62.68590139,63.44472646,64.18751717,64.91462641,Others
153,Marshall Islands,MHL,57439.0,57735.0,58058.0,58413.0,58791.0,,,,,,,,,,,,319.10555560000006,320.75,322.5444444,324.5166667,Others
154,Middle income,MIC,5523478050.0,5586449408.0,5649237966.0,5710089606.5,5769226180.0,,,,,,,,,,,,69.50607744,70.29844672,71.08856183,71.8641486,Others
155,North Macedonia,MKD,2079328.0,2080745.0,2081996.0,2082958.0,2083459.0,5.274,1.294,0.983,0.838,0.345,0.185,0.034,,,,,82.44758128,82.50376685,82.55337034,82.59151467,Others
156,Mali,MLI,17438778.0,17965429.0,18512394.0,19077690.0,19658031.0,4.39,1.105,0.385,0.308,0.327,0.153,0.052000000000000005,4.447,4.19000005722046,4.073,3.995,14.29185455,14.72346848,15.17173063,15.63501586,Inliers
157,Malta,MLT,445053.0,455356.0,467999.0,484630.0,502653.0,6.726,1.52,1.3,0.9990000000000001,0.564,0.375,0.151,6.627000000000001,6.52699995040894,6.4879999999999995,6.3020000000000005,1390.790625,1422.9875,1462.496875,1514.46875,Others
158,Myanmar,MMR,52680726.0,53045226.0,53382581.0,53708395.0,54045420.0,4.36,1.181,0.71,0.555,0.525,0.5660000000000001,0.172,4.308,4.54500007629395,4.395,4.3069999999999995,80.66504257,81.22316715,81.73972714,82.23861548,Others
159,Middle East & North Africa (excluding high income),MNA,363975550.0,370276461.0,376546755.0,382896715.0,389457086.0,,,,,,,,,,,,42.12149554,42.85067583,43.57631292,44.31116946,Others
160,Montenegro,MNE,622159.0,622303.0,622373.0,622227.0,622137.0,5.523,1.361,1.051,0.871,0.19699999999999998,0.142,0.08,5.347,5.23699998855591,5.1610000000000005,5.192,46.25717472,46.26788104,46.2730855,46.26223048,Others
161,Mongolia,MNG,2998439.0,3056359.0,3113779.0,3170208.0,3225167.0,5.285,1.531,0.948,0.667,0.317,0.235,0.038,5.125,4.95499992370605,4.907,4.874,1.930043899,1.967326013,2.004286284,2.040608667,Others
162,Northern Mariana Islands,MNP,55780.0,56188.0,56562.0,56882.0,57216.0,,,,,,,,,,,,121.2608696,122.14782609999999,122.9608696,123.6565217,Others
163,Mozambique,MOZ,27042002.0,27829942.0,28649007.0,29495962.0,30366036.0,4.466,0.986,0.204,0.39,0.494,0.19699999999999998,0.138,4.417,4.550000190734861,,4.971,34.38795748,35.38994125,36.43150512,37.50853531,Others
164,Mauritania,MRT,4046301.0,4163534.0,4282574.0,4403319.0,4525696.0,4.49,1.167,0.57,0.489,0.066,0.106,0.08800000000000001,4.356,4.29199981689453,4.2010000000000005,4.436,3.9257795669999997,4.039520714,4.155015038,4.272163578,Others
165,Mauritius,MUS,1262605.0,1263473.0,1264613.0,1265303.0,1265711.0,5.888,1.402,1.12,0.7979999999999999,0.498,0.215,0.06,5.891,5.62900018692017,5.648,5.477,621.9729063999999,622.4004926,622.962069,623.3019704,Others
166,Malawi,MWI,16745303.0,17205289.0,17670260.0,18143315.0,18628747.0,3.41,0.56,0.191,0.495,0.44299999999999995,0.218,0.08900000000000001,3.5869999999999997,3.97000002861023,4.156000000000001,4.292,177.6124629,182.491398,187.4232075,192.4407616,Others
167,Malaysia,MYS,30270962.0,30684804.0,31105028.0,31528585.0,31949777.0,5.3389999999999995,1.171,1.2209999999999999,0.828,0.508,0.26,0.024,6.322,6.08400011062622,6.005,5.77,92.13502359,93.39462487,94.67365089,95.96282149,Others
168,North America,NAC,356403308.0,359115352.0,361592733.0,363809186.0,365892703.0,,,,,,,,,,,,19.53860099,19.68727959,19.82309359,19.944603100000002,Others
169,Namibia,NAM,2314904.0,2358041.0,2402603.0,2448255.0,2494530.0,4.638999999999999,1.3130000000000002,0.879,0.47700000000000004,0.401,0.07,0.055999999999999994,4.441,4.57399988174438,4.574,,2.81177228,2.864168155,2.91829489,2.973745582,Others
170,New Caledonia,NCL,272400.0,276550.0,280350.0,284060.0,287800.0,,,,,,,,,,,,14.90153173,15.128555800000003,15.33643326,15.53938731,Others
171,Niger,NER,20001663.0,20788838.0,21602472.0,22442948.0,23310715.0,4.628,0.774,0.138,0.366,0.318,0.188,0.102,4.166,4.02799987792969,3.8560000000000003,3.845,15.79037104,16.41180864,17.05413436,17.71765059,Others
172,Nigeria,NGA,181137448.0,185960289.0,190873311.0,195874740.0,200963599.0,5.265,1.111,0.696,0.245,0.426,0.215,0.040999999999999995,5.155,5.07399988174438,4.875,5.268,198.8838543,204.17919890000002,209.57355969999998,215.06498900000003,Others
173,Nicaragua,NIC,6223240.0,6303974.0,6384855.0,6465513.0,6545502.0,6.105,1.325,0.6940000000000001,0.835,0.435,0.2,0.127,6.141,6.07100009918213,5.992000000000001,5.827999999999999,51.71381087,52.38469337,53.05679741,53.72704836,Others
174,Netherlands,NLD,16939923.0,17030314.0,17131296.0,17231624.0,17332850.0,7.4879999999999995,1.5219999999999998,1.396,0.9990000000000001,0.557,0.322,0.298,7.441,7.3769998550415,7.3389999999999995,7.377999999999999,502.8175423,505.50056399999994,508.4979518999999,511.47592760000003,Others
175,Norway,NOR,5188607.0,5234519.0,5276968.0,5311916.0,5347896.0,7.553999999999999,1.5819999999999999,1.4880000000000002,1.028,0.603,0.271,0.341,7.593999999999999,7.537000179290769,7.497999999999999,7.522,14.21057257,14.3363165,14.45257595,14.54829163,Others
176,Nepal,NPL,27015031.0,27261131.0,27627124.0,28087871.0,28608710.0,4.913,1.226,0.446,0.677,0.439,0.285,0.08900000000000001,4.88,4.961999893188481,4.793,4.513999999999999,188.4550471,190.17182419999997,192.7249669,195.9391071,Others
177,Nauru,NRU,12475.0,13049.0,12876.0,12704.0,12581.0,,,,,,,,,,,,623.75,652.45,643.8,635.2,Others
178,New Zealand,NZL,4595700.0,4693200.0,4793900.0,4841000.0,4917000.0,7.307,1.557,1.3030000000000002,1.026,0.585,0.33,0.38,7.324,7.31400012969971,7.334,7.2860000000000005,17.45357184,17.82385781,18.20629676,18.38517337,Others
179,OECD members,OED,1327822047.0,1336641415.0,1344863242.0,1352633507.0,1359963500.0,,,,,,,,,,,,37.32372684,37.56089559,37.79193675,38.01028859,Others
180,Oman,OMN,4267348.0,4479219.0,4665935.0,4829483.0,4974986.0,,,,,,,,,,,6.853,13.78787722,14.47243619,15.075718900000002,15.6041454,Others
181,Other small states,OSS,28948869.0,29542879.0,30148800.0,30760211.0,31360407.0,,,,,,,,,,,,14.24792105,14.54008494,14.83830039,15.13921784,Others
182,Pakistan,PAK,199426964.0,203627284.0,207896686.0,212215030.0,216565318.0,5.653,0.8859999999999999,0.677,0.535,0.313,0.22,0.098,5.472,5.26900005340576,5.132000000000001,5.194,258.7003995,264.1491335,269.6874818,275.28931869999997,Others
183,Panama,PAN,3968487.0,4037078.0,4106771.0,4176873.0,4246439.0,6.321000000000001,1.442,1.149,0.91,0.516,0.109,0.054000000000000006,6.43,6.4520001411438,6.7010000000000005,6.7860000000000005,53.38292978,54.30559591,55.24308582,56.18607748,Others
184,Peru,PER,30470734.0,30926032.0,31444297.0,31989256.0,32510453.0,5.697,1.274,0.96,0.8540000000000001,0.455,0.083,0.027000000000000003,5.662999999999999,5.71500015258789,5.742999999999999,5.824,23.80526094,24.1609625,24.56585703,24.99160625,Others
185,Philippines,PHL,102113212.0,103663927.0,105173264.0,106651922.0,108116615.0,5.631,1.2930000000000001,0.807,0.657,0.5579999999999999,0.11699999999999999,0.107,5.524,5.42999982833862,5.279,5.073,342.46641850000003,347.6671932,352.7291948,357.6883053,Inliers
186,Palau,PLW,17665.0,17725.0,17808.0,17907.0,18008.0,,,,,,,,,,,,38.40217391,38.532608700000004,38.71304348,38.92826087,Others
187,Papua New Guinea,PNG,8107775.0,8271760.0,8438029.0,8606316.0,8776109.0,,,,,,,,,,,,17.90349115,18.26560085,18.63275405,19.00436338,Others
188,Poland,POL,37986412.0,37970087.0,37974826.0,37974750.0,37970874.0,6.182,1.4380000000000002,1.206,0.884,0.483,0.11699999999999999,0.05,6.122999999999999,5.97300004959106,5.835,5.791,124.0615696,124.008253,124.0237304,124.02348219999999,Others
189,Pre-demographic dividend,PRE,845759344.0,869943914.0,894512725.0,919485393.0,944902749.0,,,,,,,,,,,,47.54304495,48.9025429,50.28364036,51.68744002,Others
190,Puerto Rico,PRI,3473232.0,3406672.0,3325286.0,3193354.0,3193694.0,,,,,,,,,,7.039,,391.5706877,384.0667418,374.89131910000003,360.01736189999997,Others
191,"Korea, Dem. Peopleâ€™s Rep.",PRK,25183833.0,25307744.0,25429985.0,25549819.0,25666161.0,,,,,,,,,,,,209.1506769,210.17975249999998,211.19495890000002,212.1901752,Others
192,Portugal,PRT,10358076.0,10325452.0,10300300.0,10283822.0,10269417.0,5.693,1.431,1.2209999999999999,0.9990000000000001,0.508,0.047,0.025,5.41,5.19500017166138,5.122999999999999,5.102,113.0725249,112.71638940000001,112.44182109999998,112.2619412,Others
193,Paraguay,PRY,6688746.0,6777872.0,6867062.0,6956071.0,7044636.0,5.742999999999999,1.475,0.855,0.777,0.514,0.184,0.08,5.681,5.493000030517581,5.537999999999999,5.877999999999999,16.83550466,17.05983388,17.28432419,17.50835892,Others
194,Palestinian Territories,PSE,4270092.0,4367088.0,4454805.0,4569087.0,4685306.0,4.696000000000001,1.247,0.657,0.672,0.225,0.10300000000000001,0.066,4.743,4.77500009536743,4.754,4.715,709.3176080000001,725.4299003,740.0008306,758.9845515,Others
195,Pacific island small states,PSS,2355672.0,2388307.0,2422086.0,2457367.0,2493696.0,,,,,,,,,,,,36.69271028,37.20104361,37.72719626,38.27674455,Others
196,Post-demographic dividend,PST,1096860060.0,1101715022.0,1105771602.0,1109441474.0,1112914457.0,,,,,,,,,,,,34.8613607,35.00434037,35.13322842,35.24982976,Others
197,French Polynesia,PYF,273124.0,274575.0,276103.0,277679.0,279287.0,,,,,,,,,,,,74.62404372,75.02049179999999,75.43797814,75.86857923,Others
198,Qatar,QAT,2565710.0,2654374.0,2724724.0,2781677.0,2832067.0,6.374,1.3130000000000002,1.6840000000000002,0.871,0.555,0.22,0.16699999999999998,6.374,6.375,6.375,6.611000000000001,220.99138670000002,228.6282515,234.68768300000002,239.5931955,Others
199,Romania,ROU,19815616.0,19702267.0,19587290.0,19472545.0,19356544.0,6.07,1.232,1.162,0.825,0.462,0.083,0.005,5.945,5.824999809265139,5.528,5.124,86.12489569,85.63224531,85.13251912,84.63380129,Others
200,Russia,RUS,144096870.0,144342396.0,144496740.0,144477860.0,144373535.0,5.648,1.452,1.183,0.726,0.33399999999999996,0.08199999999999999,0.031,5.81,5.962999820709231,5.856,5.716,8.798804045,8.813796287,8.823220799,8.822067953,Others
201,Rwanda,RWA,11369071.0,11668818.0,11980937.0,12301939.0,12626950.0,3.3339999999999996,0.711,0.359,0.614,0.555,0.217,0.41100000000000003,3.408,3.47099995613098,3.515,3.465,460.8460073,472.99627080000005,485.648034,498.65987029999997,Others
202,South Asia,SAS,1749417068.0,1771167194.0,1792835608.0,1814388744.0,1835776742.0,,,,,,,,,,,,366.63289060000005,371.1890581,375.7301755,380.2471337,Others
203,Saudi Arabia,SAU,31717667.0,32442572.0,33099147.0,33699947.0,34268528.0,6.375,1.357,1.403,0.795,0.439,0.08,0.132,6.371,6.343999862670901,6.379,6.4110000000000005,14.75453065,15.09174439,15.39717215,15.67665431,Others
204,Sudan,SDN,38902950.0,39847440.0,40813396.0,41801533.0,42813238.0,,,,,,,,4.138999999999999,4.138999938964839,4.138999999999999,4.55,,,,,Others
205,Senegal,SEN,14578459.0,14993528.0,15419381.0,15854360.0,16296364.0,4.681,1.1340000000000001,0.45,0.5710000000000001,0.292,0.153,0.07200000000000001,4.631,4.53499984741211,4.218999999999999,3.904,75.72045396,77.87632057,80.08819924,82.34747832,Others
206,Singapore,SGP,5535002.0,5607283.0,5612253.0,5638676.0,5703569.0,6.2620000000000005,1.463,1.5719999999999998,1.141,0.556,0.271,0.45299999999999996,6.343,6.57200002670288,6.739,6.797999999999999,7806.772752,7908.720563,7915.730436,7952.998418000001,Others
207,Solomon Islands,SLB,603118.0,619437.0,636038.0,652858.0,669823.0,,,,,,,,,,,,21.54762415,22.1306538,22.72375849,23.32468739,Others
208,Sierra Leone,SLE,7171914.0,7328838.0,7488431.0,7650154.0,7813215.0,4.374,0.841,0.268,0.242,0.309,0.252,0.045,4.571000000000001,4.70900011062622,4.635,4.507,99.36151288,101.5355777,103.7466196,105.98717099999999,Others
209,El Salvador,SLV,6325124.0,6356143.0,6388122.0,6420744.0,6453553.0,6.252999999999999,1.242,0.794,0.789,0.43,0.09300000000000001,0.07400000000000001,6.167000000000001,6.002999782562259,6.068,6.13,305.2666023,306.76365830000003,308.3070463,309.8814672,Others
210,San Marino,SMR,33272.0,33504.0,33671.0,33785.0,33860.0,,,,,,,,,,,,554.5333333,558.4,561.1833333,563.0833332999999,Others
211,Somalia,SOM,13797201.0,14185613.0,14589119.0,15008154.0,15442905.0,4.668,0.698,0.0,0.268,0.5589999999999999,0.243,0.27,4.982,5.151000022888179,5.44,,21.99317914,22.61232027,23.25552173,23.923476899999997,Others
212,Serbia,SRB,7095383.0,7058322.0,7020858.0,6982604.0,6944975.0,5.603,1.383,1.004,0.8540000000000001,0.282,0.13699999999999998,0.039,5.398,5.39499998092651,5.1770000000000005,5.122999999999999,81.12717814,80.70343014,80.27507432,79.8376858,Others
213,Sub-Saharan Africa (excluding high income),SSA,994102454.0,1021168391.0,1048793216.0,1076944455.0,1105594562.0,,,,,,,,,,,,46.8036013,48.07789986,49.37851157,50.70390752,Others
214,South Sudan,SSD,10715658.0,10832512.0,10910759.0,10975920.0,11062113.0,2.853,0.575,0.306,0.295,0.01,0.20199999999999999,0.091,3.2539999999999996,3.5910000801086404,3.832,,,,,,Others
215,Sub-Saharan Africa,SSF,995458478.0,1022526541.0,1050153672.0,1078306520.0,1106957898.0,,,,,,,,,,,,46.86195089,48.13620016,49.43676797,50.76208431,Others
216,Small states,SST,38526753.0,39200572.0,39885876.0,40576543.0,41255484.0,,,,,,,,,,,,15.40548799,15.67475518,15.94878109,16.22495145,Others
217,Sao Tome and Principe,STP,199432.0,203227.0,207089.0,211028.0,215056.0,,,,,,,,,,,,207.7416667,211.6947917,215.7177083,219.8208333,Others
218,Suriname,SUR,559143.0,564888.0,570496.0,575991.0,581372.0,,,,,,,,,,6.269,6.269,3.58425,3.621076923,3.657025641,3.69225,Others
219,Slovakia,SVK,5423801.0,5430798.0,5439232.0,5446771.0,5454073.0,6.1979999999999995,1.504,1.246,0.8809999999999999,0.33399999999999996,0.121,0.013999999999999999,6.172999999999999,6.09800004959106,6.077999999999999,5.995,112.8031442,112.95336940000001,113.1287854,113.2855865,Others
220,Slovenia,SVN,2063531.0,2065042.0,2066388.0,2073894.0,2087946.0,6.117999999999999,1.5230000000000001,1.258,0.953,0.564,0.14400000000000002,0.057,5.9479999999999995,5.75799989700317,5.768,5.848,102.44610870000001,102.5241808,102.5910064,102.9636605,Others
221,Sweden,SWE,9799186.0,9923085.0,10057698.0,10175214.0,10285453.0,7.343,1.4869999999999999,1.3869999999999998,1.0090000000000001,0.574,0.267,0.373,7.314,7.28399991989136,7.291,7.364,24.05829958,24.36248803,24.69298078,24.98149812,Others
222,Swaziland,SWZ,1104044.0,1113984.0,1124753.0,1136191.0,1148130.0,4.212,1.149,0.8109999999999999,0.0,0.313,0.07400000000000001,0.135,,,,4.867,64.18860465,64.76651163,65.39261628,66.05761628,Others
223,Sint Maarten (Dutch part),SXM,38825.0,39969.0,40574.0,40654.0,40733.0,,,,,,,,,,,,1141.911765,1175.558824,1193.352941,,Others
224,Seychelles,SYC,93419.0,94677.0,95843.0,96762.0,97625.0,,,,,,,,,,,,203.08478259999998,205.81956519999997,208.3543478,210.3521739,Others
225,Syria,SYR,17997408.0,17453933.0,17068002.0,16906283.0,17070135.0,3.4619999999999997,0.37799999999999995,0.619,0.44,0.013000000000000001,0.331,0.141,3.4619999999999997,3.46199989318848,3.069,3.0060000000000002,98.00908348,95.0494636,92.94778631,92.06710777,Outliers
226,Turks and Caicos Islands,TCA,35981.0,36559.0,37115.0,37665.0,38191.0,,,,,,,,,,,,37.87473684,38.48315789,39.06842105,39.64736842,Others
227,Chad,TCD,14110975.0,14561666.0,15016773.0,15477751.0,15946876.0,4.35,0.7659999999999999,0.35,0.192,0.174,0.198,0.078,4.301,3.9360001087188703,3.763,3.667,11.20630162,11.56422014,11.92564565,12.29173364,Others
228,East Asia & Pacific (IDA & IBRD countries),TEA,2012980531.0,2027771091.0,2042687863.0,2056064424.0,2067984156.0,,,,,,,,,,,,127.45746609999999,128.3939817,129.3384787,130.185453,Others
229,Europe & Central Asia (IDA & IBRD countries),TEC,452301305.0,454717187.0,456976356.0,458970243.5,460799505.0,,,,,,,,,,,,19.67870869,19.78379556,19.88208729,19.9783003,Others
230,Togo,TGO,7323158.0,7509952.0,7698475.0,7889094.0,8082366.0,4.085,0.5720000000000001,0.275,0.41,0.293,0.177,0.085,3.9989999999999997,3.4949998855590803,3.303,2.839,134.64162530000002,138.0759698,141.5421033,145.0467733,Others
231,Thailand,THA,68714511.0,68971331.0,69209858.0,69428524.0,69625582.0,6.007999999999999,1.409,1.05,0.828,0.557,0.359,0.027999999999999997,6.072,6.4239997863769505,6.474,6.455,134.49962030000003,135.00231169999998,135.46919690000001,135.89720680000002,Others
232,Tajikistan,TJK,8454028.0,8663579.0,8880268.0,9100837.0,9321018.0,5.4670000000000005,1.0979999999999999,0.493,0.718,0.389,0.23,0.14400000000000002,5.199,5.04099988937378,4.996,4.7860000000000005,60.91237121,62.42221342,63.98348584,65.57271417,Others
233,Turkmenistan,TKM,5565287.0,5662372.0,5757669.0,5850908.0,5942089.0,5.247000000000001,1.538,1.052,0.657,0.39399999999999996,0.244,0.027999999999999997,5.636,5.82200002670288,5.6579999999999995,5.547999999999999,11.84279999,12.04939459,12.25218437,12.45059477,Inliers
234,Latin America & the Caribbean (IDA & IBRD countries),TLA,606271975.0,612502802.0,618632726.0,624668856.0,630644770.0,,,,,,,,,,,,30.4450727,30.75796525,31.06579076,31.36890624,Others
235,Timor-Leste,TLS,1196302.0,1219288.0,1243261.0,1267972.0,1293119.0,,,,,,,,,,,,80.45070612,81.99650303,83.60867518,85.27047747,Others
236,Middle East & North Africa (IDA & IBRD countries),TMN,359705458.0,365909373.0,372091950.0,378327628.0,384771780.0,,,,,,,,,,,,41.65635496,42.37481079,43.09079554,43.81292975,Others
237,Tonga,TON,100781.0,101133.0,101998.0,103197.0,104494.0,,,,,,,,,,,,139.9736111,140.4625,141.6638889,143.3291667,Others
238,South Asia (IDA & IBRD),TSA,1749417068.0,1771167194.0,1792835608.0,1814388744.0,1835776742.0,,,,,,,,,,,,366.63289060000005,371.1890581,375.7301755,380.2471337,Others
239,Sub-Saharan Africa (IDA & IBRD countries),TSS,995458478.0,1022526541.0,1050153672.0,1078306520.0,1106957898.0,,,,,,,,,,,,46.86195089,48.13620016,49.43676797,50.76208431,Others
240,Trinidad and Tobago,TTO,1370328.0,1377564.0,1384072.0,1389858.0,1394973.0,6.192,1.4769999999999999,1.2309999999999999,0.713,0.489,0.185,0.016,,6.1680002212524405,6.167999999999999,6.167999999999999,267.12046780000003,268.53099419999995,269.79961010000005,270.92748539999997,Others
241,Tunisia,TUN,11179949.0,11303946.0,11433443.0,11565204.0,11694719.0,4.461,1.0,0.9209999999999999,0.815,0.16699999999999998,0.059000000000000004,0.055,4.592,4.80499982833862,5.045,4.739,71.96156668,72.75969361,73.59322219,74.44132338,Outliers
242,Turkey,TUR,78529409.0,79821724.0,81101892.0,82319724.0,83429615.0,5.372999999999999,1.36,1.183,0.8079999999999999,0.195,0.083,0.106,5.483,5.5,5.388999999999999,5.332000000000001,102.0352754,103.71441340000001,105.3777685,106.96012890000002,Others
243,Tuvalu,TUV,11099.0,11225.0,11370.0,11508.0,11646.0,,,,,,,,,,,,369.96666669999996,374.1666667,379.0,383.6,Others
244,Tanzania,TZA,51482633.0,53050790.0,54663906.0,56318348.0,58005463.0,3.2310000000000003,0.885,0.47600000000000003,0.499,0.41700000000000004,0.276,0.147,3.303,3.34899997711182,3.6660000000000004,3.781,58.11992888,59.89025739,61.71134116,63.57907879999999,Others
245,Uganda,UGA,38225453.0,39647506.0,41162465.0,42723139.0,44269594.0,4.189,1.069,0.332,0.44299999999999995,0.35600000000000004,0.252,0.06,4.1610000000000005,4.08099985122681,3.739,3.931,190.6316228,197.723449,205.2786006,213.06173450000003,Others
246,Ukraine,UKR,45154036.0,45004674.0,44831135.0,44622518.0,44385155.0,4.332,1.39,0.82,0.7390000000000001,0.17800000000000002,0.187,0.01,4.103,4.09600019454956,4.324,4.681,77.94720434,77.68936802,77.38979613,77.0296708,Outliers
247,Upper middle income,UMC,2773653737.0,2795831616.0,2817771263.0,2837691841.5,2855862789.0,,,,,,,,,,,,48.1946701,48.58001694,48.96123747,49.31670422,Others
248,Uruguay,URY,3412009.0,3424132.0,3436646.0,3449299.0,3461734.0,6.292999999999999,1.465,1.124,0.8909999999999999,0.523,0.127,0.15,6.379,6.4539999961853,6.545,6.485,19.49496629,19.56423266,19.63573306,19.70802765,Others
249,United States,USA,320635163.0,322941311.0,324985539.0,326687501.0,328239523.0,6.892,1.4569999999999999,1.433,0.8740000000000001,0.45399999999999996,0.28,0.128,6.886,6.993000030517581,7.104,7.119,35.05197783,35.30408694,35.52756285,35.71362209,Others
250,Uzbekistan,UZB,31298900.0,31847900.0,32388600.0,32956100.0,33580650.0,6.1739999999999995,1.5290000000000001,0.745,0.7559999999999999,0.631,0.322,0.24,6.096,5.97100019454956,5.987,6.002999999999999,73.57522332,74.86577339,76.13681241,77.47085096,Others
251,St. Vincent and the Grenadines,VCT,109148.0,109459.0,109827.0,110210.0,110589.0,,,,,,,,,,,,279.8666667,280.66410260000004,281.6076923,282.5897436,Others
252,Venezuela,VEN,30081829.0,29846179.0,29390409.0,28870195.0,28515829.0,4.707,1.4269999999999998,0.96,0.805,0.154,0.064,0.047,4.806,5.25,6.084,6.81,34.10444873,33.837286999999996,33.32057026,32.73079191,Outliers
253,British Virgin Islands,VGB,29152.0,29355.0,29577.0,29802.0,30030.0,,,,,,,,,,,,194.3466667,195.7,197.18,198.68,Others
254,Virgin Islands (U.S.),VIR,107710.0,107510.0,107268.0,106977.0,106631.0,,,,,,,,,,,,307.74285710000004,307.1714286,306.48,305.6485714,Others
255,Vietnam,VNM,92677076.0,93638724.0,94596642.0,95540395.0,96462106.0,5.175,1.3459999999999999,0.741,0.851,0.5429999999999999,0.147,0.073,5.103,5.07399988174438,5.061,5.36,298.8908182,301.9922082,305.0815687,308.1252459,Others
256,Vanuatu,VUT,271130.0,278330.0,285510.0,292680.0,299882.0,,,,,,,,,,,,22.24200164,22.83264971,23.4216571,24.00984413,Others
257,World,WLD,7338964960.0,7424282488.0,7509065705.0,7591932906.5,7673533972.0,,,,,,,,,,,,57.63083208,58.29612808,58.96185346,59.61788075,Others
258,Samoa,WSM,193513.0,194535.0,195352.0,196130.0,197097.0,,,,,,,,,,,,68.37915194,68.74028269,69.02897527,69.30388693,Others
259,Kosovo,XKX,1788196.0,1777557.0,1791003.0,1797085.0,1794248.0,6.1,1.232,0.882,0.758,0.489,0.262,0.006,5.662000000000001,5.27899980545044,5.401,5.5889999999999995,164.2505741,163.27335349999998,164.50840449999998,,Others
260,Yemen,YEM,26497889.0,27168210.0,27834821.0,28498687.0,29161922.0,3.38,1.163,0.287,0.46299999999999997,0.14300000000000002,0.10800000000000001,0.077,3.355,3.59299993515015,3.7239999999999998,4.077,50.18824744,51.45786692,52.7204595,53.97785291,Outliers
261,South Africa,ZAF,55386367.0,56203654.0,57000451.0,57779622.0,58558270.0,4.7219999999999995,1.351,0.96,0.469,0.389,0.13,0.055,4.724,4.8289999961853,4.459,4.6419999999999995,45.65726121,46.33098451,46.98781706,47.63011978,Others
262,Zambia,ZMB,15879361.0,16363507.0,16853688.0,17351822.0,17861030.0,4.107,1.058,0.578,0.426,0.431,0.247,0.087,4.377,4.513999938964839,4.795,5.129,21.36074066,22.0120085,22.67139456,23.3414789,Others
263,Zimbabwe,ZWE,13814629.0,14030390.0,14236745.0,14439018.0,14645468.0,3.6630000000000003,1.114,0.366,0.433,0.361,0.151,0.08900000000000001,3.6919999999999997,3.875,4.1930000000000005,4.61,35.71055706,36.268295200000004,36.80171901,37.32459093,Others
